"Country.Name","Country.Code","tour_arr_2017","tour_arr_2018","sum_2017","sum_2018","cn_arr_2017","cn_arr_2018","201801","201802","sum","hot_travel","gdp_2017","gdp_2018","dense_2017","dense_2018","export","import","20200122","20200123","20200124","20200126","20200202","20200205","20200206","20200207","20200210","20200217","20200219","20200221","20200304","20200307","20200318","20200324","imported_sum","volume","risk"
"Aruba","ABW",1070500,1082000,NA,NA,0,7,NA,NA,NA,NA,25630.2664922069,25630.2664922069,585.366666666667,588.027777777778,26179324.48,94017,0,0,0,0,0,0,0,0,0,0,0,0,0,0,0,0,0,56,0.000414357824174509
"Afghanistan","AFG",NA,NA,NA,NA,14653,15727,NA,NA,NA,NA,556.302138508508,520.896602719135,55.5959930153479,56.937760009803,532601154,2856326.98,0,0,0,0,0,0,0,0,0,0,0,0,1,1,22,74,0,334,0.00247134845132653
"Angola","AGO",261000,218000,27609,20418,15029,12240,2,5,7,0,4095.81294155857,3432.38573600893,23.9165380604797,24.7130520574316,2234432899,19090441798.96,0,0,0,0,0,0,0,0,0,0,0,0,0,0,0,3,0,5994,0.0443510856803929
"Albania","ALB",4643000,5340000,10584,17525,3562,3675,49,136,185,1,4532.89016212124,5268.84850355919,104.870693430657,104.612262773723,316015698.96,180094938.35,0,0,0,0,0,0,0,0,0,0,0,0,0,0,59,123,0,830,0.00614137489401504
"Andorra","AND",3003000,3042000,NA,NA,177,164,NA,NA,NA,NA,39134.3933706717,42029.7627372989,163.831914893617,163.842553191489,1180000,85995,0,0,0,0,0,0,0,0,0,0,0,0,1,1,39,164,0,0,0
"Arab World","ARB",94181175.8660824,101463695.274466,NA,NA,NA,NA,NA,NA,NA,NA,6279.46742538325,6608.80697772202,36.66980407291,37.3723653654038,NA,NA,0,0,0,0,0,0,0,0,0,0,0,0,0,0,0,0,0,0,0
"United Arab Emirates","ARE",20394000,21286000,NA,1481040,7782,9610,5163,5423,10586,1,39811.634701763,43004.9533584848,133.584947901999,135.609110109828,28554564532,11525115401.85,0,0,0,0,5,5,5,5,8,9,9,9,27,45,113,248,0,162303,1.20091996316063
"Argentina","ARG",6711000,6942000,59894,71959,35132,34229,51,77,128,0,14591.8633810541,11683.9496216363,16.0941907925267,16.2585100979651,12250348494.06,4363962023.72,0,0,0,0,0,0,0,0,0,0,0,0,1,8,79,387,0,10164,0.0752059450876733
"Armenia","ARM",1495000,1652000,5747,9189,6337,8032,NA,NA,NA,NA,3914.5012684128,4212.07094272937,103.435511064278,103.680224798033,449001996.74,131347705.01,0,0,0,0,0,0,0,0,0,0,0,0,1,1,84,249,0,1724,0.0127563015870867
"American Samoa","ASM",20000,20200,254,NA,NA,NA,NA,NA,NA,NA,10823.4448040273,11466.6907058505,278.1,277.325,NA,NA,0,0,0,0,0,0,0,0,0,0,0,0,0,0,0,0,0,2,1.47984937205182e-05
"Antigua and Barbuda","ATG",247000,269000,739,869,544,814,NA,NA,NA,NA,15383.4151884998,16726.9808079479,216.877272727273,218.831818181818,35693761.42,55630,0,0,0,0,0,0,0,0,0,0,0,0,0,0,1,3,0,34,0.000251574393248809
"Australia","AUS",8815000,9246000,1356890,1432190,733663,751865,17123,20038,37161,0,54066.4712686117,57373.6866841281,3.19836141871706,3.24912948744283,47646221747.75,84889778354.4,0,0,0,4,12,13,14,15,15,15,15,15,52,63,568,2044,0,455647,3.37144463413647
"Austria","AUT",29460000,30816000,899636,972998,67573,70279,2936,3762,6698,1,47431.630607607,51461.9547804677,106.607445296677,107.206926667578,8269611059.16,4712665734.59,0,0,0,0,0,0,0,0,0,0,0,0,29,79,1646,5283,5,28336,0.209665059032301
"Azerbaijan","AZE",2454000,2633000,11231,15719,14349,14166,NA,NA,NA,NA,4147.08971569171,4721.17808673142,119.197205757832,120.265319946776,723518904.78,432722677.56,0,0,0,0,0,0,0,0,0,0,0,0,3,9,28,87,0,3078,0.0227748818358775
"Burundi","BDI",299000,299000,NA,NA,1996,2388,NA,NA,NA,NA,292.997630684415,271.752044376648,421.61308411215,435.178271028037,110090171.55,7242609.27,0,0,0,0,0,0,0,0,0,0,0,0,0,0,0,0,0,232,0.00171662527158011
"Belgium","BEL",8385000,9119000,165425,193143,68224,69248,59,54,113,1,44219.5619960117,47518.6360388914,375.66571994716,377.214927344782,NA,NA,0,0,0,0,0,1,1,1,1,1,1,1,23,169,1486,4269,1,22752,0.168347664564615
"Benin","BEN",281000,295000,10320,10233,4405,4503,NA,NA,NA,NA,829.478802783315,901.543871206357,99.1061014544165,101.853919829727,1923612146,87236867.15,0,0,0,0,0,0,0,0,0,0,0,0,0,0,2,6,0,890,0.00658532970563058
"Burkina Faso","BFA",143000,144000,1844,2765,6127,7871,13,35,48,0,642.429838650148,715.12290404614,70.1508918128655,72.1912828947368,182386739,19638881.16,0,0,0,0,0,0,0,0,0,0,0,0,0,0,20,114,0,406,0.00300409422526519
"Bangladesh","BGD",1026000,1026000,NA,NA,91531,101622,211,177,388,0,1563.99408178663,1698.26280233547,1226.63127448721,1239.57931166936,15073183697,860145563.21,0,0,0,0,0,0,0,0,0,0,0,0,0,0,14,39,0,29115,0.215429072336443
"Bulgaria","BGR",8883000,9273000,28654,36503,21508,20637,4,12,16,1,8228.0115697265,9272.62930360848,65.1800571112749,64.7035372144436,1271763006.12,940951820.86,0,0,0,0,0,0,0,0,0,0,0,0,0,0,92,218,0,3473,0.0256975843456798
"Bahrain","BHR",11374000,12045000,NA,NA,3320,2919,10,26,36,0,23715.4827473156,24050.7575053956,1920.40352364259,2017.27369979138,898138384,116839104.49,0,0,0,0,0,0,0,0,0,0,0,0,52,85,256,392,0,3290,0.0243435221702524
"Bahamas, The","BHS",1442000,1633000,2937,3502,869,1106,NA,NA,NA,NA,31827.2426989661,32217.871590084,38.137962037962,38.5254745254745,184006773,20993351.07,0,0,0,0,0,0,0,0,0,0,0,0,0,0,1,5,0,107,0.000791719414047722
"Bosnia and Herzegovina","BIH",923000,1053000,31780,58235,3536,4037,9,15,24,1,5394.59122017677,6065.67270824158,65.45951171875,64.92048828125,670040748.98,43247418.34,0,0,0,0,0,0,0,0,0,0,0,0,0,3,38,166,0,368,0.00272292284457534
"Belarus","BLR",11060200,11501600,18180,30680,19154,24745,8,1,9,1,5761.74712023007,6289.93855308212,46.792242075569,46.7287999040892,2476799596.29,377083122.27,0,0,0,0,0,0,0,0,0,0,0,0,6,6,51,81,0,4921,0.0364116937993349
"Belize","BLZ",427000,489000,NA,NA,2784,2731,0,4,4,0,4887.55982047899,4884.74242133376,16.4738711091626,16.7939938623411,108410379.85,2282222.86,0,0,0,0,0,0,0,0,0,0,0,0,0,0,0,1,0,83,0.000614137489401504
"Bermuda","BMU",270000,282000,NA,NA,24,33,4,0,4,0,NA,NA,1182.85183096194,1184.59257167194,17966652.88,10725,0,0,0,0,0,0,0,0,0,0,0,0,0,0,0,0,0,2,1.47984937205182e-05
"Bolivia","BOL",1109000,1142000,NA,NA,7135,7785,0,11,11,0,3351.12405268555,3548.59013979338,10.3321831440967,10.4801458506416,1926537251.48,416009359.21,0,0,0,0,0,0,0,0,0,0,0,0,0,0,12,29,0,977,0.00722906418247312
"Brazil","BRA",6589000,6621000,61250,56333,105189,118828,146,148,294,0,9880.94654326324,8920.76210462979,24.8660384966033,25.0617162430876,27242015420.92,47768963861.29,0,0,0,0,0,0,0,0,0,0,0,0,4,13,372,2247,0,25733,0.190404819455047
"Barbados","BRB",664000,680000,1052,1585,589,765,NA,NA,NA,NA,17431.6029248899,17949.2815054371,665.658139534884,666.606976744186,48034449,24731383,0,0,0,0,0,0,0,0,0,0,0,0,0,0,2,18,0,25,0.000184981171506477
"Brunei Darussalam","BRN",259000,278000,52391,63694,7604,9081,50,171,221,0,28572.1467776509,31628.3287914349,80.5451612903226,81.3969639468691,656319091.31,310417611,0,0,0,0,0,0,0,0,0,0,0,0,0,0,68,104,0,6982,0.0516615415783289
"Bhutan","BTN",255000,274000,6421,6878,946,1075,263,140,403,0,3286.57470378318,3243.23112508014,19.5461414400175,19.7775277714448,6111130,164996.34,0,0,0,0,0,0,0,0,0,0,0,0,0,1,1,2,0,9,6.65932217423317e-05
"Botswana","BWA",1623000,1623000,3070,NA,2206,2974,NA,NA,NA,NA,7893.21010771116,8258.64166574691,3.89096748010516,3.97742487604327,NA,NA,0,0,0,0,0,0,0,0,0,0,0,0,0,0,0,0,0,1627,0.0120385746416415
"Central African Republic","CAF",107000,107000,3015,NA,493,643,NA,NA,NA,NA,449.786423510424,475.721250544318,7.37748884394363,7.49041221227006,12093877,26177818.56,0,0,0,0,0,0,0,0,0,0,0,0,0,0,1,3,0,339,0.00250834468562783
"Canada","CAN",20883000,21134000,707251,757205,805026,849941,8355,9855,18210,0,45069.9272544324,46232.9896226967,4.01827985013488,4.07530821431988,47857210829.45,18465947944.78,0,0,0,1,4,5,5,7,7,8,8,9,33,54,657,2790,0,208502,1.54275776885774
"Central Europe and the Baltics","CEB",93474000,100109000,NA,NA,NA,NA,NA,NA,NA,NA,14183.3755478199,15929.004063352,92.9717949202581,92.7664366303472,NA,NA,0,0,0,0,0,0,0,0,0,0,0,0,0,0,0,0,0,0,0
"Switzerland","CHE",9889000,10362000,974756,1026160,72096,73931,573,558,1131,1,80450.0458197413,82796.5471631285,213.883991070172,215.521378417094,13052275177.06,25828942904.18,0,0,0,0,0,0,0,0,0,0,0,0,90,268,3028,9877,1,39025,0.288755608721611
"Channel Islands","CHI",NA,NA,NA,NA,NA,NA,NA,NA,NA,NA,NA,NA,851.843467166921,861.106093786457,NA,NA,0,0,0,0,0,0,0,0,0,0,0,0,0,0,0,0,0,0,0
"Chile","CHL",6450000,5723000,30774,34583,23594,25521,25,58,83,0,15037.3502805385,15923.3587375381,24.8414839222839,25.1894460666519,15390885227.14,19238815463.32,0,0,0,0,0,0,0,0,0,0,0,0,1,4,238,922,0,4924,0.0364338915399157
"China","CHN",60740000,62900000,NA,NA,NA,NA,284409,278147,562556,0,8759.04157775098,9770.84708783314,147.674050750889,148.348833270666,NA,NA,548,643,920,2075,16630,27440,30587,34110,42354,72434,74619,75550,80386,80770,81102,81591,11,0,0
"Cote d'Ivoire","CIV",1800000,1965000,NA,NA,7445,10094,7,1,8,0,1557.18281424798,1715.53133212649,76.8473867924528,78.8340534591195,1688329734,148931254.55,0,0,0,0,0,0,0,0,0,0,0,0,0,0,6,73,0,3511,0.0259787557263696
"Cameroon","CMR",1081000,1081000,NA,NA,8219,9802,1,1,2,0,1421.58749243688,1533.74213975885,51.9685325040723,53.3439889149796,1119339062.88,435500444.89,0,0,0,0,0,0,0,0,0,0,0,0,0,1,10,66,0,2734,0.0202295409159483
"Congo, Dem. Rep.","COD",NA,NA,NA,NA,5007,5464,NA,NA,NA,NA,467.07423746489,561.777182390425,35.9051472177499,37.0825923557045,968123323,3268834762.81,0,0,0,0,0,0,0,0,0,0,0,0,0,0,4,45,0,5248,0.0388312475226397
"Congo, Rep.","COG",149000,156000,6518,6517,13444,17339,1,0,1,0,1702.571349341,2147.76946104594,14.9654524158126,15.3568462664715,390540893.7,3670581291.29,0,0,0,0,0,0,0,0,0,0,0,0,0,0,1,4,0,1500,0.0110988702903886
"Colombia","COL",3631000,3904000,14493,15664,40062,40165,21,21,42,0,6375.93206285311,6667.7906995498,44.0748679585399,44.7487021180712,8570845488.8,2049266376.03,0,0,0,0,0,0,0,0,0,0,0,0,0,1,93,378,0,3204,0.0237071869402701
"Comoros","COM",28000,35900,NA,NA,1639,1704,NA,NA,NA,NA,1320.54186667961,1415.26362231562,437.341200057394,447.244477540227,64036996,36095,0,0,0,0,0,0,0,0,0,0,0,0,0,0,0,0,0,178,0.00131706594112612
"Cabo Verde","CPV",668000,710000,NA,NA,840,873,NA,NA,NA,NA,3292.6457550859,3635.40684982339,133.373945409429,134.929776674938,52914894.96,143117,0,0,0,0,0,0,0,0,0,0,0,0,0,0,0,3,0,276,0.00204219213343151
"Costa Rica","CRI",2960000,3017000,13612,15249,7388,7842,42,20,62,0,11752.5434010771,12027.3658826316,96.9438699569134,97.9130630630631,1468897791,785115162.79,0,0,0,0,0,0,0,0,0,0,0,0,0,1,50,177,0,1047,0.00774701146269126
"Caribbean small states","CSS",6870000,7351483.61650485,NA,NA,NA,NA,NA,NA,NA,NA,9515.00723984743,9991.01614896676,18.0683957021119,18.1770161788317,NA,NA,0,0,0,0,0,0,0,0,0,0,0,0,0,0,0,0,0,0,0
"Cuba","CUB",4594000,4684000,43322,49781,4595,5849,27,15,42,0,8541.2106734664,8821.81889125004,109.010373005191,108.999596231494,1349976093,382956793.04,0,0,0,0,0,0,0,0,0,0,0,0,0,0,7,48,0,3649,0.0269998517930854
"Curacao","CUW",399000,432000,NA,NA,NA,NA,NA,NA,NA,NA,19457.5315232205,19567.8924351055,360.754504504505,360.754504504505,73682457,47172.65,0,0,0,0,0,0,0,0,0,0,0,0,0,0,0,0,0,75,0.000554943514519431
"Cayman Islands","CYM",418000,463000,250,230,35,33,NA,NA,NA,NA,81124.5134794821,81124.5134794821,264.091666666667,267.391666666667,11492686,2902,0,0,0,0,0,0,0,0,0,0,0,0,0,0,0,0,0,7,5.17947280218136e-05
"Cyprus","CYP",3652000,3939000,8351,9460,3588,3801,32,23,55,0,25760.7627043417,28159.3016999455,127.670995670996,128.708333333333,307730962.7,67991467.21,0,0,0,0,0,0,0,0,0,0,0,0,0,0,49,124,0,2514,0.0186017066066913
"Czech Republic","CZE",10160000,10611000,489845,617935,34571,33367,170,257,427,1,20379.8960396417,23078.5734865691,137.198109298109,137.602887852888,18653432249.5,2833340226.1,0,0,0,0,0,0,0,0,0,0,0,0,8,19,464,1394,5,29040,0.214874128821924
"Germany","DEU",37452000,38881000,1555661,1591555,634053,643074,5820,6077,11897,1,44240.0441099604,47603.0276328757,236.595494618731,237.3709697733,106415862255.71,95110633029.97,0,0,0,0,10,12,12,13,14,16,16,16,262,799,12327,32986,4,234904,1.7381126844623
"Djibouti","DJI",NA,NA,NA,NA,1369,1600,NA,NA,NA,NA,2930.70317165342,3082.54309871957,40.7289473684211,41.3684210526316,2164191704,7650.91,0,0,0,0,0,0,0,0,0,0,0,0,0,0,1,3,0,1602,0.011853593470135
"Dominica","DMA",72000,63000,652,755,1092,1041,NA,NA,NA,NA,7274.72133332918,7691.34509727878,95.2773333333333,95.5,33722922,700710.84,0,0,0,0,0,0,0,0,0,0,0,0,0,0,0,2,0,313,0.00231596426726109
"Denmark","DNK",12426000,12749000,103728,109392,70239,70023,110,120,230,1,57141.0598350413,61350.3479093986,137.294117647059,138.067301738509,6102945245.32,4157154655.84,0,0,0,0,0,0,0,0,0,0,0,0,11,24,1116,1718,0,26195,0.193823271504487
"Dominican Republic","DOM",6188000,6569000,2782,3859,4033,4587,6,5,11,0,7609.34549150864,8050.63160184635,217.618112192093,219.97857586421,2211223052.62,142131961.89,0,0,0,0,0,0,0,0,0,0,0,0,1,2,21,312,0,0,0
"Algeria","DZA",2451000,2657000,39929,47142,26531,26961,21,31,52,1,4044.29837226523,4114.71506136896,17.3777146120063,17.7300750711665,7702756989.3,674946179.39,0,0,0,0,0,0,0,0,0,0,0,0,12,17,74,264,0,7887,0.0583578599868634
"East Asia & Pacific (excluding high income)","EAP",172249012.627771,183241430.249313,NA,NA,NA,NA,NA,NA,NA,NA,7084.10673246121,7822.8548040433,129.962337637855,130.810431457567,NA,NA,0,0,0,0,0,0,0,0,0,0,0,0,0,0,0,0,0,0,0
"Early-demographic dividend","EAR",246442870.180975,275587369.477646,NA,NA,NA,NA,NA,NA,NA,NA,3546.85383658415,3581.89016033881,96.8712264454453,98.13836364042,NA,NA,0,0,0,0,0,0,0,0,0,0,0,0,0,0,0,0,0,0,0
"East Asia & Pacific","EAS",300522331.533074,320268446.7445,NA,NA,NA,NA,NA,NA,NA,NA,10341.5809526318,11142.5912256168,94.8569852295584,95.4316055341949,NA,NA,0,0,0,0,0,0,0,0,0,0,0,0,0,0,0,0,0,0,0
"Europe & Central Asia (excluding high income)","ECA",138432257.273286,155252576.801956,NA,NA,NA,NA,NA,NA,NA,NA,7995.38785309146,8163.51710520999,18.3762584657061,18.4773754089394,NA,NA,0,0,0,0,0,0,0,0,0,0,0,0,0,0,0,0,0,0,0
"Europe & Central Asia","ECS",675130478.961509,712592479.690818,NA,NA,NA,NA,NA,NA,NA,NA,23543.0680217151,25107.2744154631,33.360654942256,33.4968853034031,NA,NA,0,0,0,0,0,0,0,0,0,0,0,0,0,0,0,0,0,0,0
"Ecuador","ECU",1806000,2535000,30147,26113,11513,14254,13,14,27,0,6213.50127649921,6344.87197850057,67.5848002899018,68.7886817522951,3631587401.56,790167092.69,0,0,0,0,0,0,0,0,0,0,0,0,10,13,111,1082,0,2802,0.0207326897024459
"Egypt, Arab Rep.","EGY",8157000,11196000,287260,234747,83509,85556,1486,977,2463,0,2440.51017311107,2549.13225178609,96.8834125269978,98.8734692852479,8050670487.41,1191907595.07,0,0,0,0,0,0,0,0,0,1,1,1,2,15,196,402,5,57516,0.425575082414661
"Euro area","EMU",397086000,413959200,NA,NA,NA,NA,NA,NA,NA,NA,36997.7270415804,39927.6175863294,127.35128601435,127.582277673283,NA,NA,0,0,0,0,0,0,0,0,0,0,0,0,0,0,0,0,0,0,0
"Eritrea","ERI",NA,NA,NA,NA,836,846,NA,NA,NA,NA,NA,NA,NA,NA,42817852,160750962.26,0,0,0,0,0,0,0,0,0,0,0,0,0,0,0,1,0,246,0.00182021472762373
"Spain","ESP",81869000,82773000,1324491,1452101.81415796,155564,167988,1010,2249,3259,1,28100.8522848303,30370.8923252247,93.2678044400906,93.5290582615872,28337925349.29,7395235734.19,0,0,0,0,1,1,1,1,2,2,2,2,222,500,13910,39885,7,105819,0.782980903505756
"Estonia","EST",3244000,3234000,19698,20381,5804,5992,3,10,13,1,20337.8497289442,23266.3462718751,30.3055900621118,30.3861053600184,1422948703.89,280661854.29,0,0,0,0,0,0,0,0,0,0,0,0,2,10,258,369,0,906,0.00670371765539473
"Ethiopia","ETH",933000,849000,45308,50626,45042,51890,44,49,93,0,768.425025531532,772.313530261357,106.400024,109.224559,2652007625,347073389.6,0,0,0,0,0,0,0,0,0,0,0,0,0,0,6,12,0,18393,0.136094347500745
"European Union","EUU",533822000,555887200,NA,NA,NA,NA,NA,NA,NA,NA,33907.9967078218,36569.7338172336,120.837019550161,121.078194096678,NA,NA,0,0,0,0,0,0,0,0,0,0,0,0,0,0,0,0,0,0,0
"Fragile and conflict affected situations","FCS",NA,NA,NA,NA,NA,NA,NA,NA,NA,NA,1673.72900758124,1633.16563964279,38.9777705050052,39.8693125353373,NA,NA,0,0,0,0,0,0,0,0,0,0,0,0,0,0,0,0,0,0,0
"Finland","FIN",3180000,3224000,209568,202697,57812,57967,145,416,561,1,46191.9311557681,50152.3401411303,18.1244908031983,18.1568556480537,4847871268.21,3960712510.37,0,0,0,0,1,1,1,1,1,1,1,1,6,15,336,792,0,18797,0.13908364323229
"Fiji","FJI",843000,870000,48796,49271,4924,5078,23,32,55,0,6101.03083866498,6266.96796528074,48.0273125342091,48.3570333880679,388492157.91,47028847.46,0,0,0,0,0,0,0,0,0,0,0,0,0,0,0,4,0,2410,0.0178321849332244
"France","FRA",86758000,89322000,2095320,2175647,493712,499160,5252,5672,10924,1,38679.1271482419,41463.6440227034,122.115405252835,122.338395739199,50807419016.77,22109385815.27,0,0,2,3,6,6,6,6,11,12,12,12,288,959,9124,22622,8,137856,1.02003057516788
"Faroe Islands","FRO",NA,NA,NA,NA,0,1,NA,NA,NA,NA,NA,NA,34.6210586582365,34.7399698278226,NA,NA,0,0,0,0,0,0,0,0,0,0,0,0,0,0,0,0,0,3,2.21977405807772e-05
"Micronesia, Fed. Sts.","FSM",NA,19200,NA,NA,262,228,16,12,28,0,3289.70122265962,3568.29082936098,159.227142857143,160.914285714286,26115001,11246399.48,0,0,0,0,0,0,0,0,0,0,0,0,0,0,0,0,0,4,2.95969874410363e-05
"Gabon","GAB",NA,NA,NA,NA,1466,1724,1,0,1,0,7212.53574430676,7952.52589277651,8.01343967089688,8.22476423332169,320956413,2113354391.29,0,0,0,0,0,0,0,0,0,0,0,0,0,0,1,6,0,2786,0.0206143017526818
"United Kingdom","GBR",37651000,36316000,337127,391380,590714,607846,5554,5974,11528,1,40361.4173832159,42943.9022698053,273.049472988054,274.82739222089,58926873596.62,21898847064.49,0,0,0,0,2,2,2,3,8,9,9,9,86,207,2642,8164,5,190733,1.4112805513978
"Georgia","GEO",4069400,4757000,18179,55519,11305,11796,NA,NA,NA,NA,4357.01162453036,4717.14302573577,65.2227859617201,65.2752020714511,765129856.02,215821479.75,0,0,0,0,0,0,0,0,0,0,0,0,3,4,38,70,0,3991,0.029530394219294
"Ghana","GHA",NA,NA,NA,NA,22586,22890,11,21,32,0,2025.88585713133,2202.31216442504,127.983963259207,130.821429199262,3437182129.05,1884942552.52,0,0,0,0,0,0,0,0,0,0,0,0,0,0,7,53,0,8211,0.0607552159695873
"Gibraltar","GIB",NA,NA,NA,NA,NA,NA,NA,NA,NA,NA,NA,NA,3372.8,3371.8,3802073,37529,0,0,0,0,0,0,0,0,0,0,0,0,0,0,0,0,0,12,8.8790962323109e-05
"Guinea","GIN",99000,99000,NA,NA,7913,8695,2,2,4,0,855.573639877367,878.599613250501,49.1109352108091,50.5222122741332,1227257924,1331697951.57,0,0,0,0,0,0,0,0,0,0,0,0,0,0,1,4,0,3455,0.0255643979021951
"Gambia, The","GMB",522000,552000,NA,NA,2188,2616,NA,NA,NA,NA,679.777332561109,716.118488979126,218.764229249012,225.30652173913,397777226,91742266.39,0,0,0,0,0,0,0,0,0,0,0,0,0,0,1,3,0,365,0.00270072510399456
"Guinea-Bissau","GNB",NA,NA,NA,NA,630,697,NA,NA,NA,NA,736.725566231783,777.969921802522,65.0123044096728,66.6539473684211,33088287,367486.49,0,0,0,0,0,0,0,0,0,0,0,0,0,0,0,0,0,52,0.000384760836733472
"Equatorial Guinea","GNQ",NA,NA,NA,NA,1317,1648,NA,NA,NA,NA,9738.43422416926,10261.7600116887,44.9911229946524,46.6657397504456,165266259,1368984569.01,0,0,0,0,0,0,0,0,0,0,0,0,0,0,4,9,0,1864,0.0137921961475229
"Greece","GRC",27194000,30123000,319268,366053,42198,44949,45,171,216,1,18883.4600669282,20324.2535641478,83.4342823894492,83.2247323506594,3163113090.21,338664738.17,0,0,0,0,0,0,0,0,0,0,0,0,9,46,418,743,1,19600,0.145025238461078
"Grenada","GRD",168000,185000,458,621,2039,2036,NA,NA,NA,NA,10163.6298527725,10640.496760331,326.1,327.805882352941,10518798,10680,0,0,0,0,0,0,0,0,0,0,0,0,0,0,0,1,0,11,8.13917154628499e-05
"Greenland","GRL",NA,NA,NA,NA,NA,NA,NA,NA,NA,NA,NA,NA,0.136852235351444,0.136496528200755,2298525,132614307,0,0,0,0,0,0,0,0,0,0,0,0,0,0,0,0,0,0,0
"Guatemala","GTM",1660000,1781000,NA,NA,3651,3587,6,37,43,0,4470.60999392312,4549.01008110721,157.847480403136,160.953779395297,1954591890,101338457.77,0,0,0,0,0,0,0,0,0,0,0,0,0,0,6,21,0,137,0.00101369681985549
"Guam","GUM",1545000,1549000,21954,16339,NA,NA,NA,NA,NA,NA,35615.8046274371,35712.5621350321,304.224074074074,306.977777777778,NA,NA,0,0,0,0,0,0,0,0,0,0,0,0,0,0,0,0,0,5272,0.0390088294472859
"Guyana","GUY",247000,287000,NA,NA,1443,1300,NA,NA,NA,NA,4586.05457171312,4979.00218839886,3.93813055626111,3.95734823469647,176787549.03,51186537.56,0,0,0,0,0,0,0,0,0,0,0,0,0,0,7,5,0,27,0.000199779665226995
"High income","HIC",834362761.73158,866650998.157859,NA,NA,NA,NA,NA,NA,NA,NA,42375.5925332358,44786.5796621349,34.2698639692726,34.4377658355898,NA,NA,0,0,0,0,0,0,0,0,0,0,0,0,0,0,0,0,0,0,0
"Hong Kong SAR, China","HKG",27884000,29263000,44445259,51038230,79795890,79368424,141777,134805,276582,0,46225.7818690007,48675.6164599767,7039.71428571429,7096.19047619048,251428354811.45,16853950725.09,0,0,0,0,0,0,0,0,0,0,0,0,0,0,0,0,0,1001725,7.41201056109303
"Honduras","HND",851000,851000,NA,NA,6184,5580,8,3,11,0,2449.96469108151,2500.11321286023,84.2703816248101,85.6870319063366,1246582250.08,43216378.3,0,0,0,0,0,0,0,0,0,0,0,0,0,0,9,30,0,207,0.00153164410007363
"Heavily indebted poor countries (HIPC)","HPC",24097516.6259645,24097516.6259645,NA,NA,NA,NA,NA,NA,NA,NA,994.881641557677,934.613745816671,43.6800362578349,44.8957816454125,NA,NA,0,0,0,0,0,0,0,0,0,0,0,0,0,0,0,0,0,0,0
"Croatia","HRV",15593000,16645000,159301,233630,23184,22267,13,60,73,1,13412.3419505426,14909.6931860854,73.7049857040743,73.0771979985704,692108772.78,91825133.68,0,0,0,0,0,0,0,0,0,0,0,0,10,12,81,382,0,2244,0.0166039099544214
"Haiti","HTI",467000,447000,NA,NA,646,578,6,8,14,0,765.727294324274,868.34202469407,398.489332365747,403.59854862119,531345379,7442907.17,0,0,0,0,0,0,0,0,0,0,0,0,0,0,0,7,0,60,0.000443954811615545
"Hungary","HUN",15785000,17552000,227225,261298,22495,23619,104,197,301,1,14457.608763614,16161.9805101918,108.118480061858,107.906605545123,5788589206.93,3222025289.07,0,0,0,0,0,0,0,0,0,0,0,0,2,4,58,187,0,12836,0.0949767326982856
"IBRD only","IBD",492359594.104451,531740974.719403,NA,NA,NA,NA,NA,NA,NA,NA,6055.69450939356,6385.46162560212,68.192583963153,68.7859051970979,NA,NA,0,0,0,0,0,0,0,0,0,0,0,0,0,0,0,0,0,0,0
"IDA & IBRD total","IBT",561797590.954269,610304931.035529,NA,NA,NA,NA,NA,NA,NA,NA,4863.83023150558,5098.525112462,67.870329440419,68.7084518843392,NA,NA,0,0,0,0,0,0,0,0,0,0,0,0,0,0,0,0,0,0,0
"IDA total","IDA",NA,NA,NA,NA,NA,NA,NA,NA,NA,NA,1353.80348686473,1359.23373518049,66.9372657833933,68.4840897212872,NA,NA,0,0,0,0,0,0,0,0,0,0,0,0,0,0,0,0,0,0,0
"IDA blend","IDB",NA,NA,NA,NA,NA,NA,NA,NA,NA,NA,1733.81144214788,1787.91519951321,91.2596245353285,93.3256218287322,NA,NA,0,0,0,0,0,0,0,0,0,0,0,0,0,0,0,0,0,0,0
"Indonesia","IDN",14040000,15810000,2093171,2139161,680841,708517,11181,18095,29276,0,3836.91381389271,3893.59607757239,146.086480787383,147.75219008926,34138844373.63,25087068073.29,0,0,0,0,0,0,0,0,0,0,0,0,2,4,227,686,1,412546,3.05252969521244
"IDA only","IDX",NA,NA,NA,NA,NA,NA,NA,NA,NA,NA,1161.53806425146,1139.61185397953,58.8920637547639,60.2621873819374,NA,NA,0,0,0,0,0,0,0,0,0,0,0,0,0,0,0,0,0,0,0
"Isle of Man","IMN",NA,NA,NA,NA,NA,NA,NA,NA,NA,NA,80989.1722114502,80989.1722114502,146.663157894737,147.50350877193,NA,NA,0,0,0,0,0,0,0,0,0,0,0,0,0,0,0,0,0,36,0.000266372886969327
"India","IND",15543000,17423000,247235,281768,818954,708517,2758,3393,6151,0,1981.26870609561,2009.97885727039,450.243285831043,454.938072575247,68051857659.29,14224967032.84,0,0,0,0,2,3,3,3,3,3,3,3,28,34,156,536,0,106734,0.789751214382893
"Not classified","INX",NA,NA,NA,NA,NA,NA,NA,NA,NA,NA,NA,NA,NA,NA,NA,NA,0,0,0,0,0,0,0,0,0,0,0,0,0,0,0,0,0,0,0
"Ireland","IRL",10338000,10926000,NA,NA,41953,44002,71,75,146,1,69649.8827399743,78806.431996268,69.7835389751778,70.452983016403,4312716520.57,7504891301.66,0,0,0,0,0,0,0,0,0,0,0,0,6,18,292,1329,1,6946,0.0513951686913596
"Iran, Islamic Rep.","IRN",4867000,7295000,74663,54789,136681,96910,97,63,160,0,5627.74926845456,5627.74926845456,49.5309014219406,50.222420123284,18406609986,17186034414.67,0,0,0,0,0,0,0,0,0,0,2,18,2922,5823,17361,24811,0,24834,0.183752896527674
"Iraq","IRQ",NA,NA,NA,NA,23528,21256,125,65,190,0,5205.28825481948,5834.16621076061,86.5016316022141,88.5305700354617,8302740408,12762870227.48,0,0,0,0,0,0,0,0,0,0,0,0,35,54,164,316,0,11414,0.0844550036629972
"Iceland","ISL",2225000,2343800,237357,307640,2788,2835,101,184,285,1,71314.774196294,73191.1163154337,3.42543640897756,3.52692269326683,464997158.24,101044851.29,0,0,0,0,0,0,0,0,0,0,0,0,26,50,250,648,1,5330,0.0394379857651809
"Israel","ISR",3613000,4121000,114068,105483,91540,97484,871,818,1689,1,40541.8620907084,41715.0292840432,402.647874306839,410.526802218115,5930962288.87,3543238635.17,0,0,0,0,0,0,0,0,0,0,0,1,15,43,433,1930,0,28613,0.211714650412593
"Italy","ITA",58253000,61567200,3077279,3200847,279686,277776,2804,4122,6926,1,32326.8417463954,34483.2039992043,205.809169103148,205.450747943156,31732127382.15,16114070299.45,0,0,0,0,2,2,2,3,3,3,3,20,3089,5883,35713,69176,5,152922,1.13150762836454
"Jamaica","JAM",2353000,2473000,3892,3431,7230,7349,3,0,3,0,5069.18383810726,5354.2368587703,269.700184672207,270.993074792244,425651532.99,43750306.11,0,0,0,0,0,0,0,0,0,0,0,0,0,0,13,21,0,286,0.0021161846020341
"Jordan","JOR",3843500,4150000,35979,28382,29615,28309,64,221,285,1,4162.82068657256,4241.78878213854,110.150630772697,112.14249831043,2735861571.87,300387389.42,0,0,0,0,0,0,0,0,0,0,0,0,1,1,52,154,0,7724,0.0571517827486411
"Japan","JPN",28691000,31192000,7355818,8380034,2680033,2689662,349173,404850,754023,0,38331.9793978104,39289.9584346358,347.777586679833,347.073458415624,156195760326.81,134077018918.65,2,2,2,4,20,22,22,25,26,66,84,105,331,461,889,1193,2,1563326,11.5674349970614
"Kazakhstan","KAZ",7701000,8789000,94817,51418,222946,195081,NA,NA,NA,NA,9247.58133129626,9812.60113654067,6.68140015557284,6.76982590658221,5798781583.9,5900255068.28,0,0,0,0,0,0,0,0,0,0,0,0,0,0,35,72,0,11112,0.0822204311111989
"Kenya","KEN",1364000,1364000,NA,NA,27459,25760,38,55,93,0,1568.20154066413,1710.51009699405,88.2409828864603,90.2994166637383,4058627887.13,110289214.35,0,0,0,0,0,0,0,0,0,0,0,0,0,0,3,25,0,13185,0.097559069852516
"Kyrgyz Republic","KGZ",421000,423000,34519,30749,34289,38269,NA,NA,NA,NA,1242.76964282023,1281.36366078545,32.3159541188738,32.9290928050052,2627648056.5,102820622.67,0,0,0,0,0,0,0,0,0,0,0,0,0,0,3,42,0,656,0.00485390594032996
"Cambodia","KHM",5602000,6201000,1210782,2024443,61603,101645,7731,8689,16420,0,1385.45836254396,1510.3248705764,90.6946181735781,92.0564128710628,4771230782,990873741.53,0,0,0,0,1,1,1,1,1,1,1,1,1,1,35,91,0,262910,1.94533599203072
"Kiribati","KIR",5800,7100,NA,NA,1896,1777,NA,NA,NA,NA,1625.575969558,1625.28610001512,140.935802469136,143.020987654321,14879478,385250.22,0,0,0,0,0,0,0,0,0,0,0,0,0,0,0,0,0,0,0
"St. Kitts and Nevis","KNA",115000,125000,NA,NA,884,889,1,2,3,0,19155.4317310874,19275.4185126566,200.173076923077,201.696153846154,11401267.32,839920,0,0,0,0,0,0,0,0,0,0,0,0,0,0,0,0,0,23,0.000170182677785959
"Korea, Rep.","KOR",13336000,15347000,4169353,4789512,3854869,4191790,73822,86644,160466,0,29742.8388613471,31362.75147294,527.918010624996,529.652103632681,97747224157.17,147837487312.16,1,1,2,3,15,19,23,24,27,30,31,204,5621,7041,8413,9037,0,936564,6.92986823643169
"Kuwait","KWT",7407000,8508000,32624,35231,6491,6483,17,21,38,0,29759.5324471408,33994.4065667831,227.614870931538,232.172222222222,5330928061.86,8294197507.74,0,0,0,0,0,0,0,0,0,0,0,0,56,61,142,191,0,7755,0.0573811594013092
"Latin America & Caribbean (excluding high income)","LAC",89250000,93083127.4089447,NA,NA,NA,NA,NA,NA,NA,NA,8967.30007025537,8546.01902176315,31.7186142438087,32.0214614597141,NA,NA,0,0,0,0,0,0,0,0,0,0,0,0,0,0,0,0,0,0,0
"Lao PDR","LAO",3257000,3770000,639185,805833,230925,305200,207,160,367,0,2423.8462031921,2542.4865281792,30.125801559792,30.5957842287695,1341259594,1182401077.03,0,0,0,0,0,0,0,0,0,0,0,0,0,0,0,2,0,34513,0.255370206888122
"Lebanon","LBN",1857000,1964000,7730,9467,19622,18549,60,28,88,1,7838.34338489943,8269.78767551923,665.872238514174,669.494134897361,1953551203.42,23910467.89,0,0,0,0,0,0,0,0,0,0,0,1,13,22,133,318,0,6395,0.0473181836713568
"Liberia","LBR",NA,NA,NA,NA,2829,3832,NA,NA,NA,NA,698.70176435511,677.322178545364,48.8188122923588,50.0309073920266,858443807,26887349.02,0,0,0,0,0,0,0,0,0,0,0,0,0,0,2,3,0,711,0.00526086451764421
"Libya","LBY",NA,NA,NA,NA,2893,3199,NA,NA,NA,NA,5756.42314018283,7241.70448113024,3.74002523386794,3.79563238119054,1025463552,1257333231.99,0,0,0,0,0,0,0,0,0,0,0,0,0,0,0,1,0,0,0
"St. Lucia","LCA",386000,395000,NA,NA,1388,238,2,0,2,0,10039.6714141126,10566.0497458462,296.647540983607,298.17868852459,15731877,52689,0,0,0,0,0,0,0,0,0,0,0,0,0,0,2,3,0,8,5.91939748820727e-05
"Latin America & Caribbean","LCN",111174514.516615,113348450.74506,NA,NA,NA,NA,NA,NA,NA,NA,9407.34937121526,9044.21587884566,31.7062208823939,32.0057333680836,NA,NA,0,0,0,0,0,0,0,0,0,0,0,0,0,0,0,0,0,0,0
"Least developed countries: UN classification","LDC",33090028.6779738,37193816.8946493,NA,NA,NA,NA,NA,NA,NA,NA,1106.69439011676,1054.4514989109,55.5297414713504,56.8413289019083,NA,NA,0,0,0,0,0,0,0,0,0,0,0,0,0,0,0,0,0,0,0
"Low income","LIC",NA,NA,NA,NA,NA,NA,NA,NA,NA,NA,789.463130215408,833.875876051462,50.3575487295414,51.673738313444,NA,NA,0,0,0,0,0,0,0,0,0,0,0,0,0,0,0,0,0,0,0
"Liechtenstein","LIE",79300,85300,1549,1654,381,356,NA,NA,NA,NA,NA,NA,236.25,236.9375,NA,NA,0,0,0,0,0,0,0,0,0,0,0,0,1,1,28,51,0,0,0
"Sri Lanka","LKA",2116400,2334000,268952,269327,63039,63043,353,524,877,0,4104.63098320435,4102.48135014467,341.955031095519,345.558922022006,3643838905.27,289562791.6,0,0,0,0,1,1,1,1,1,1,1,1,1,1,51,102,0,55717,0.412263837313055
"Lower middle income","LMC",135109800.720809,152816175.821976,NA,NA,NA,NA,NA,NA,NA,NA,2187.46787548744,2217.09392828766,148.021887424185,150.081518176415,NA,NA,0,0,0,0,0,0,0,0,0,0,0,0,0,0,0,0,0,0,0
"Low & middle income","LMY",521437891.013531,569038431.245784,NA,NA,NA,NA,NA,NA,NA,NA,4747.96773651755,4971.14867747042,68.3940542460196,69.2415960633107,NA,NA,0,0,0,0,0,0,0,0,0,0,0,0,0,0,0,0,0,0,0
"Lesotho","LSO",1137000,1173000,7830,6099,993,1281,27,7,34,0,1226.6126297762,1299.15312598733,68.8870882740448,69.437812911726,NA,NA,0,0,0,0,0,0,0,0,0,0,0,0,0,0,0,0,0,853,0.006311557571801
"Late-demographic dividend","LTE",316724202.664566,333351809.281881,NA,NA,NA,NA,NA,NA,NA,NA,8947.29887374247,9692.65276890505,51.131386767709,51.408720555305,NA,NA,0,0,0,0,0,0,0,0,0,0,0,0,0,0,0,0,0,0,0
"Lithuania","LTU",2523000,2825000,24000,19297,10821,10972,5,33,38,1,16840.938567953,19153.4089860651,45.151861559541,44.5313513780643,1011145786.67,265398813.18,0,0,0,0,0,0,0,0,0,0,0,0,1,1,27,209,0,1267,0.00937484577194826
"Luxembourg","LUX",1046000,1018000,33709,31750,3125,3186,15,11,26,1,107361.306947271,116639.88804711,245.405761316872,250.093827160494,NA,NA,0,0,0,0,0,0,0,0,0,0,0,0,1,2,203,1099,0,1971,0.0145839155615707
"Latvia","LVA",1949000,1946000,22774,22738,8308,8243,5,1,6,1,15548.0823130571,17860.6171980214,31.2358957864265,30.9833065294307,584463740.64,176234031.31,0,0,0,0,0,0,0,0,0,0,0,0,1,1,71,197,0,1062,0.00785800016559514
"Macao SAR, China","MAC",17255000,18493000,22197250,25261208,24649971,25150834,47964,45444,93408,0,81516.6749248075,87208.535912643,20479.7699938293,20777.5002607232,2797626693,100442088.28,0,0,0,0,0,0,0,0,0,0,0,0,0,0,0,0,1,260367,1.92651970726508
"St. Martin (French part)","MAF",NA,NA,NA,NA,NA,NA,NA,NA,NA,NA,NA,NA,672.058823529412,672.058823529412,NA,NA,0,0,0,0,0,0,0,0,0,0,0,0,0,0,0,0,0,0,0
"Morocco","MAR",11349000,12289000,150484,225002,20335,23498,200,519,719,1,3036.17106160684,3237.88336815666,79.7250593771006,80.7285189334528,3140957468,635005988.27,0,0,0,0,0,0,0,0,0,0,0,0,1,2,49,170,0,16974,0.125594816206038
"Monaco","MCO",355000,347000,4227,3670,103,134,NA,NA,NA,NA,167101.759376942,185741.279991587,19196,19196,NA,NA,0,0,0,0,0,0,0,0,0,0,0,0,1,1,7,23,0,0,0
"Moldova","MDA",145000,160000,1180,1508,4011,3897,NA,NA,NA,NA,2724.49309280928,3227.3121916043,123.635210924165,123.51980353224,493471466.99,38168854.42,0,0,0,0,0,0,0,0,0,0,0,0,0,0,30,125,0,430,0.00318167614991141
"Madagascar","MDG",255000,291000,3083,6285,14119,15567,1,2,3,0,515.292738970352,527.501285041282,43.9507390855964,45.1398556204881,824167288.58,188215175.5,0,0,0,0,0,0,0,0,0,0,0,0,0,0,0,17,0,2515,0.0186091058535516
"Maldives","MDV",1390000,1484000,306530,283116,5817,4905,303,469,772,0,9540.63434888323,10330.615614094,1654.67333333333,1718.98666666667,274337706,554948.58,0,0,0,0,0,0,0,0,0,0,0,0,0,0,13,13,0,50659,0.374838446693865
"Middle East & North Africa","MEA",100457140.338422,110563609.189097,NA,NA,NA,NA,NA,NA,NA,NA,7417.76821141481,8042.8494647245,39.3154159055365,39.997702909805,NA,NA,0,0,0,0,0,0,0,0,0,0,0,0,0,0,0,0,0,0,0
"Mexico","MEX",39291000,41313000,141692,167663,82134,92546,117,183,300,0,9278.41816833763,9673.44367360619,64.1875171686515,64.9146264050001,53679921732.93,7806216668.63,0,0,0,0,0,0,0,0,0,0,0,0,5,6,93,367,0,19217,0.142191326913599
"Marshall Islands","MHL",6000,6800,118,NA,374,338,6,5,11,0,3666.69537359193,3788.16359372058,322.544444444444,324.516666666667,405675738,17521506.58,0,0,0,0,0,0,0,0,0,0,0,0,0,0,0,0,0,22,0.0001627834309257
"Middle income","MIC",494376746.544112,537884675.621539,NA,NA,NA,NA,NA,NA,NA,NA,5232.16266768826,5485.4691651995,71.5283441893003,72.294869980189,NA,NA,0,0,0,0,0,0,0,0,0,0,0,0,0,0,0,0,0,0,0
"North Macedonia","MKD",631000,707000,9435,13724,3229,3476,6,0,6,1,5417.64201944282,6083.71894832148,82.5533703409992,82.5915146708961,433863259.59,73862909.18,0,0,0,0,0,0,0,0,0,0,0,0,0,0,0,0,0,926,0.00685170259259991
"Mali","MLI",11000,14000,3907,4671,6420,4868,NA,NA,NA,NA,828.511976401524,899.659908096615,15.1717306321147,15.635015858186,561281502.35,76387312.42,0,0,0,0,0,0,0,0,0,0,0,0,0,0,0,0,0,1587,0.0117426047672312
"Malta","MLT",2274000,2599000,NA,NA,2017,2239,14,22,36,1,27283.5447293274,30098.2833099975,1462.496875,1511.03125,672972662,408097387.05,0,0,0,0,0,0,0,0,0,0,0,0,0,3,38,110,0,1473,0.0108990906251616
"Myanmar","MMR",3443000,3551000,996916,963190,9655453,12379845,2362,2923,5285,0,1249.82874570041,1325.9529237064,81.7397271390948,82.2386154835549,8577684494.06,4493301318.2,0,0,0,0,0,0,0,0,0,0,0,0,0,0,0,0,0,43291,0.320320795827476
"Middle East & North Africa (excluding high income)","MNA",47735563.5382128,57712158.754666,NA,NA,NA,NA,NA,NA,NA,NA,3823.21794687243,3823.21794687243,43.5763129202665,44.3111694561864,NA,NA,0,0,0,0,0,0,0,0,0,0,0,0,0,0,0,0,0,0,0
"Montenegro","MNE",1877000,2077000,23495,42715,10204,9505,NA,NA,NA,NA,7784.06528996557,8844.23698538056,46.2730855018587,46.2710037174721,283096545.82,58785120.32,0,0,0,0,0,0,0,0,0,0,0,0,0,0,2,47,0,775,0.00573441631670079
"Mongolia","MNG",469000,529000,201912,216379,1864012,1915832,13,13,26,0,3669.4175404033,4121.73243469391,2.00428628440485,2.04060866654651,1419985578.51,5276430408.04,0,0,0,0,0,0,0,0,0,0,0,0,0,0,6,10,0,13117,0.0970559210660184
"Northern Mariana Islands","MNP",656000,517000,233986,215892,NA,NA,NA,NA,NA,NA,28305.222587603,23258.6758552794,122.960869565217,123.65652173913,NA,NA,0,0,0,0,0,0,0,0,0,0,0,0,0,0,0,0,0,42318,0.313121328632444
"Mozambique","MOZ",1447000,2743000,NA,NA,5720,8329,7,9,16,0,461.415094120589,498.957220208652,36.4315051247489,37.508535313716,708564472.53,488496225.93,0,0,0,0,0,0,0,0,0,0,0,0,0,0,0,3,0,3928,0.0290642416670977
"Mauritania","MRT",NA,NA,NA,NA,2199,2352,NA,NA,NA,NA,1145.54794727391,1188.83458753973,4.15501503832347,4.27216357815077,864340080.79,731861916.44,0,0,0,0,0,0,0,0,0,0,0,0,0,0,1,2,0,1955,0.0144655276118065
"Mauritius","MUS",1342000,1399000,72951,65736,25225,22787,46,61,107,0,10484.9083620411,11238.6903948961,622.962068965517,623.30197044335,879193804.87,29945374.24,0,0,0,0,0,0,0,0,0,0,0,0,0,0,3,42,0,18297,0.13538401980216
"Malawi","MWI",837000,871000,NA,NA,2820,3325,4,1,5,0,356.717573153369,389.398033178836,187.423207467119,192.440761561307,261457451,27243852.23,0,0,0,0,0,0,0,0,0,0,0,0,0,0,0,0,0,1139,0.00842774217383509
"Malaysia","MYS",25948000,25832000,2281321,2943792,1232499,1290744,25304,30326,55630,0,10254.2340242588,11373.2330025676,94.6736508902755,95.9628214883579,37546372947.83,35325202532.22,0,0,0,4,8,12,12,12,18,22,22,22,50,93,790,1624,0,634323,4.69351246614012
"North America","NAC",98339740,101161920,NA,NA,NA,NA,NA,NA,NA,NA,58434.030875745,61117.0483726436,19.8317844585567,19.9709762368072,NA,NA,0,0,0,0,0,0,0,0,0,0,0,0,0,0,0,0,0,0,0
"Namibia","NAM",1499000,1499000,14584,NA,2788,3203,NA,NA,NA,NA,5646.45600811344,5931.45388611617,2.91829489001445,2.97374558175127,NA,NA,0,0,0,0,0,0,0,0,0,0,0,0,0,0,2,7,0,1207,0.00893089096033271
"New Caledonia","NCL",121000,120000,281,1153,NA,NA,NA,NA,NA,NA,NA,NA,15.3364332603939,15.5393873085339,84587873,790476467.97,0,0,0,0,0,0,0,0,0,0,0,0,1,3,35,148,0,305,0.00225677029237902
"Niger","NER",164000,157000,NA,NA,8775,8140,NA,NA,NA,NA,375.869489673522,413.980304962089,17.0541343648851,17.7176505881424,97637779,95455494.48,0,0,0,0,0,0,0,0,0,0,0,0,0,0,0,3,0,790,0.00584540501960468
"Nigeria","NGA",NA,NA,NA,NA,46247,45367,16,19,35,0,1968.55958830575,2028.18197017598,209.573559735169,215.064988965381,10213864465.7,1516599435.43,0,0,0,0,0,0,0,0,0,0,0,0,1,1,8,44,0,13734,0.101621256378798
"Nicaragua","NIC",1787000,1256000,786,742,1939,673,14,10,24,0,2168.19520646356,2028.89475539369,53.0567974073459,53.7270483629716,1137508907.24,25646966.58,0,0,0,0,0,0,0,0,0,0,0,0,0,0,0,2,0,152,0.00112468552275938
"Netherlands","NLD",17924000,18780000,312000,285000,193960,196183,3892,5229,9121,1,48554.9922761756,53024.0592130531,508.497951914515,511.457910359157,50427106484.12,11923378190.5,0,0,0,0,0,0,0,0,0,0,0,0,38,188,2058,5580,2,44861,0.331937613398083
"Norway","NOR",6252000,5688000,375738,255826,39065,38743,258,396,654,1,75496.7540581998,81697.2459836768,14.4525759458847,14.5549195374975,7960401157.33,2976734106,0,0,0,0,0,0,0,0,0,0,0,0,56,147,1550,2863,0,7470,0.0552723740461353
"Nepal","NPL",940000,1173000,104664,153602,132510,157543,280,352,632,0,911.444266508683,1033.91243082634,192.724966864318,195.939107080572,1170661423.02,25120370.03,0,0,0,1,1,1,1,1,1,1,1,1,1,1,1,2,0,34252,0.253439003457594
"Nauru","NRU",NA,NA,NA,NA,231,211,NA,NA,NA,NA,8844.74280553977,9888.89359652993,643.8,635.2,405966,78546,0,0,0,0,0,0,0,0,0,0,0,0,0,0,0,0,0,0,0
"New Zealand","NZL",3555000,3686000,417872,448189,143471,146403,1753,2544,4297,0,42260.1251767853,41945.3316690932,18.2062967604724,18.5541756864532,7187706589.07,8812264442.55,0,0,0,0,0,0,0,0,0,0,0,0,3,5,20,155,0,120673,0.892889316368044
"OECD members","OED",750281740,787380920,NA,NA,NA,NA,NA,NA,NA,NA,38424.3768577186,40410.4547316493,37.597388830248,37.8092345649061,NA,NA,0,0,0,0,0,0,0,0,0,0,0,0,0,0,0,0,0,0,0
"Oman","OMN",2316000,2301000,20930,45956,8875,7863,10,9,19,0,15130.4978264405,16415.1572780989,15.075718901454,15.6041453957997,1911648641.82,12371369498.99,0,0,0,0,0,0,0,0,0,0,0,0,15,16,39,84,0,6311,0.0466966469350951
"Other small states","OSS",41152644.4446069,42781520.9748068,NA,NA,NA,NA,NA,NA,NA,NA,13455.3646438814,14704.8329329937,14.8383003899119,15.1386164116647,NA,NA,0,0,0,0,0,0,0,0,0,0,0,0,0,0,0,0,0,0,0
"Pakistan","PAK",NA,NA,NA,NA,127265,130944,43,18,61,0,1464.99330546855,1482.40306306798,269.687481838937,275.289318700706,18041524848,1777073467.94,0,0,0,0,0,0,0,0,0,0,0,0,5,6,299,972,0,33770,0.249872566470949
"Panama","PAN",1843000,1785000,16275,26735,12953,11777,15,67,82,0,15166.124432066,15575.0725482915,55.2430858218994,56.1860774818402,5960053523,57866468.22,0,0,0,0,0,0,0,0,0,0,0,0,0,0,86,345,0,7521,0.0556497356360085
"Peru","PER",4032000,4419000,131774,151099,20767,21128,32,124,156,0,6710.50802896038,6941.23584763012,24.56585703125,24.99160625,8733525939.53,11651564943.48,0,0,0,0,0,0,0,0,0,0,0,0,0,1,145,416,0,5755,0.042582665680791
"Philippines","PHL",6621000,7168000,968447,1257962,1160875,1202966,17476,23008,40484,0,2981.93415144162,3102.71336329931,352.72919475467,357.688305329175,21291168150.78,18460143532.41,0,0,0,0,2,2,2,3,3,3,3,3,3,6,202,552,3,250285,1.85192050041994
"Palau","PLW",123000,106000,57866,41317,96,89,802,853,1655,0,16078.2681940701,15859.4348578768,38.7130434782609,38.9282608695652,16634336.74,0,0,0,0,0,0,0,0,0,0,0,0,0,0,0,0,0,0,1512,0.0111876612527117
"Papua New Guinea","PNG",139000,140000,12373,12732,1605,1903,17,80,97,0,2695.25188280292,2730.27479935873,18.6327540520249,19.0043633794109,768624902,1939925712.44,0,0,0,0,0,0,0,0,0,0,0,0,0,0,0,1,0,1327,0.0098188005835638
"Poland","POL",18258000,19622000,138000,158000,90511,95338,193,244,437,1,13856.9823892845,15420.9111634295,124.0237303635,124.035886214442,24823465418.16,2608592415.54,0,0,0,0,0,0,0,0,0,0,0,0,1,5,251,901,0,17171,0.127052467837509
"Pre-demographic dividend","PRE",NA,NA,NA,NA,NA,NA,NA,NA,NA,NA,1472.61285623397,1437.28936962287,50.2836403648326,51.6874400219725,NA,NA,0,0,0,0,0,0,0,0,0,0,0,0,0,0,0,0,0,0,0
"Puerto Rico","PRI",3513000,3068000,1471,2094,4,4,NA,NA,NA,NA,31353.4341794183,31651.3481514031,374.859188275085,360.220180383315,NA,NA,0,0,0,0,0,0,0,0,0,0,0,0,0,0,0,0,0,312,0.00230856502040083
"Korea, Dem. Peopleâ€™s Rep.","PRK",NA,NA,NA,NA,229467,250654,NA,NA,NA,NA,NA,NA,211.194958890458,212.190175234615,3233160386,1586263946.19,0,0,0,0,0,0,0,0,0,0,0,0,0,0,0,0,0,7020,0.0519427129590188
"Portugal","PRT",15432000,16186000,277628,324902,56259,56314,356,707,1063,1,21437.3475036794,23407.9065887968,112.441821058412,112.23945350807,2398268389.04,1442605347.38,0,0,0,0,0,0,0,0,0,0,0,0,5,20,448,2362,0,18703,0.138388114027426
"Paraguay","PRY",1584000,1181000,638,602,1383,1382,4,5,9,0,5680.58076826353,5821.81432292324,17.2843241882708,17.5083589227284,3625021834.28,29602460.71,0,0,0,0,0,0,0,0,0,0,0,0,0,0,11,27,0,119,0.000880510376370831
"West Bank and Gaza","PSE",503000,606000,NA,NA,6873,7373,NA,NA,NA,NA,3254.48588658763,3198.86664447405,740.000830564784,758.984551495017,68922682,115449,0,0,0,0,0,0,0,0,0,0,0,0,0,0,0,0,0,0,0
"Pacific island small states","PSS",1360729.43398705,1392601.44944122,NA,NA,NA,NA,NA,NA,NA,NA,4133.25731046749,4224.52989029586,37.7271962616822,38.2767445482866,NA,NA,0,0,0,0,0,0,0,0,0,0,0,0,0,0,0,0,0,0,0
"Post-demographic dividend","PST",742660940,773365720,NA,NA,NA,NA,NA,NA,NA,NA,42740.9018164941,45126.4977785641,35.1416031690042,35.2674889372306,NA,NA,0,0,0,0,0,0,0,0,0,0,0,0,0,0,0,0,0,0,0
"French Polynesia","PYF",199000,216300,5430,5055,NA,NA,NA,NA,NA,NA,NA,NA,75.4379781420765,75.8685792349727,61639101,5311945.37,0,0,0,0,0,0,0,0,0,0,0,0,0,0,0,0,0,156,0.00115428251020042
"Qatar","QAT",2256500,1819300,45627,62988,2604,3451,31,84,115,0,61264.3964777979,68793.7844372614,234.687683031869,239.593195521103,1667930494,5926122665.55,0,0,0,0,0,0,0,0,0,0,0,0,8,8,452,526,1,18954,0.140245324989351
"Romania","ROU",10926000,11720000,35929,41625,48740,45630,29,10,39,1,10807.6844848917,12301.1864034302,85.1333927329624,84.6398470097357,4253840645.57,1337430259.24,0,0,0,0,0,0,0,0,0,0,0,0,4,9,260,794,0,5551,0.0410732193212982
"Russian Federation","RUS",24390000,24551000,1478212,1690186,2344646,2414301,199,264,463,1,10750.5871197198,11288.8724435206,8.82322079860193,8.82207955488442,43022512439.8,39191599161.12,0,0,0,0,2,2,2,2,2,2,2,2,3,13,147,495,0,151273,1.11930627029197
"Rwanda","RWA",NA,NA,NA,NA,4304,5427,NA,NA,NA,NA,762.914374550788,772.944459929187,485.648034049453,498.659870287799,127817264,28811104.14,0,0,0,0,0,0,0,0,0,0,0,0,0,0,8,40,0,1386,0.0102553561483191
"South Asia","SAS",23825232.5091422,26701056.8437404,NA,NA,NA,NA,NA,NA,NA,NA,1866.9376986432,1902.8026286069,375.730175506376,380.247133746081,NA,NA,0,0,0,0,0,0,0,0,0,0,0,0,0,0,0,0,0,0,0
"Saudi Arabia","SAU",16109000,15334000,61315,62834,34553,32007,113,58,171,0,20803.7425657324,23338.9634580718,15.3971721504031,15.6766543082956,18277702218,29633290291.34,0,0,0,0,0,0,0,0,0,0,0,0,1,5,171,767,0,21590,0.159749739712994
"Sudan","SDN",813000,836000,NA,NA,20047,20580,1,5,6,0,3015.02442975186,977.273635724417,NA,NA,2337313387.28,614243098.59,0,0,0,0,0,0,0,0,0,0,0,0,0,0,2,3,0,5433,0.0402001081917876
"Senegal","SEN",1365000,1365000,NA,NA,14303,15819,NA,NA,NA,NA,1367.21894802284,1521.95355421391,80.0881992416766,82.3474783150678,1183769391.78,155312515.36,0,0,0,0,0,0,0,0,0,0,0,0,4,4,31,86,0,2659,0.0196745974014289
"Singapore","SGP",13903000,14673000,3228134,3417604,940223,978028,30591,38787,69378,0,60297.7937806208,64581.9440183954,7915.73043612911,7952.9984184018,38249098105.64,36425440200.07,0,1,3,4,18,28,28,30,45,77,84,85,110,138,313,558,0,568070,4.20329016390738
"Solomon Islands","SLB",25700,27900,1215,1284,660,744,7,12,19,0,2059.04542688849,2137.69069539357,22.7237584851733,23.324687388353,80901785.36,467250248.36,0,0,0,0,0,0,0,0,0,0,0,0,0,0,0,0,0,5,3.69962343012954e-05
"Sierra Leone","SLE",51000,57000,1868,2014,3545,4276,NA,NA,NA,NA,499.38070781976,533.991184258936,103.746619562206,105.987170961485,264009686.71,307134054.1,0,0,0,0,0,0,0,0,0,0,0,0,0,0,0,0,0,1330,0.00984099832414458
"El Salvador","SLV",1556000,1677300,3429,3314,1668,2288,12,24,36,0,3902.24231785179,4058.25243928118,308.307046332046,309.881467181467,1433877076.11,111417881.27,0,0,0,0,0,0,0,0,0,0,0,0,0,0,0,5,0,29,0.000214578158947513
"San Marino","SMR",78000,84000,13068,13322,160,215,NA,NA,NA,NA,48494.5514112427,48494.5514112427,561.183333333333,563.083333333333,5397305,3102235.42,0,0,0,0,0,0,0,0,0,0,0,0,16,23,119,187,0,0,0
"Somalia","SOM",NA,NA,NA,NA,1232,1137,NA,NA,NA,NA,309.055354770056,314.544165670763,23.2555217266554,23.9234769024771,469106147,11704411.9,0,0,0,0,0,0,0,0,0,0,0,0,0,0,1,1,0,68,0.000503148786497618
"Serbia","SRB",1497000,1711000,NA,NA,27559,35384,NA,NA,NA,NA,6284.192671588,7246.73165586437,80.275074319689,79.8317402241024,1361175186.33,127813035.04,0,0,0,0,0,0,0,0,0,0,0,0,0,1,83,303,0,10149,0.0750949563847694
"Sub-Saharan Africa (excluding high income)","SSA",47249691.4035649,47249691.4035649,NA,NA,NA,NA,NA,NA,NA,NA,1609.20276154345,1584.43823372274,49.4333265651216,50.7586283354254,NA,NA,0,0,0,0,0,0,0,0,0,0,0,0,0,0,0,0,0,0,0
"South Sudan","SSD",NA,NA,NA,NA,2454,2168,NA,NA,NA,NA,NA,NA,NA,NA,51741000,1182277445.04,0,0,0,0,0,0,0,0,0,0,0,0,0,0,0,0,0,711,0.00526086451764421
"Sub-Saharan Africa","SSF",47629536.2601109,47629536.2601109,NA,NA,NA,NA,NA,NA,NA,NA,1610.48818375213,1585.77214781685,49.4367679749432,50.7620843086558,NA,NA,0,0,0,0,0,0,0,0,0,0,0,0,0,0,0,0,0,0,0
"Small states","SST",49014833.2703106,51165258.7141764,NA,NA,NA,NA,NA,NA,NA,NA,12165.4442836485,13213.6130975252,15.9487810912889,16.2244628233256,NA,NA,0,0,0,0,0,0,0,0,0,0,0,0,0,0,0,0,0,0,0
"Sao Tome and Principe","STP",28900,33400,NA,NA,428,550,NA,NA,NA,NA,1811.00963265499,2001.14090226164,215.717708333333,219.820833333333,9843949.87,119872,0,0,0,0,0,0,0,0,0,0,0,0,0,0,0,0,0,2,1.47984937205182e-05
"Suriname","SUR",278000,278000,5511,NA,3932,4046,1,3,4,0,5379.11941495353,6234.04492230646,3.65702564102564,3.69225,142156549.84,28099745,0,0,0,0,0,0,0,0,0,0,0,0,0,0,1,7,0,158,0.00116908100392093
"Slovak Republic","SVK",2162000,2256000,61346,66961,14202,14743,4,1,5,1,17510.0889889901,19442.7057620693,113.128785357737,113.290578202995,4926564981.04,2075087951.45,0,0,0,0,0,0,0,0,0,0,0,0,0,1,105,204,0,116,0.000858312635790053
"Slovenia","SVN",3991000,4425000,69549,87171,7503,7972,12,43,55,1,23442.704281871,26123.9738694646,102.59100635951,102.639859503382,1965488641.66,403161863.11,0,0,0,0,0,0,0,0,0,0,0,0,0,7,275,480,0,1008,0.00745844083514115
"Sweden","SWE",7054000,7440000,183203,172989,111758,109991,479,765,1244,1,53744.4290321437,54608.3602546906,24.6929807763129,25.0010434312931,6973680520.24,7140779784.07,0,0,0,0,1,1,1,1,1,1,1,1,35,161,1279,2286,0,20114,0.148828451347251
"Eswatini","SWZ",921000,782000,2650,2293,518,564,NA,NA,NA,NA,3953.08896990829,4145.97411168691,65.3926162790698,66.0576162790698,NA,NA,0,0,0,0,0,0,0,0,0,0,0,0,0,0,1,4,0,25,0.000184981171506477
"Sint Maarten (Dutch part)","SXM",402000,178000,NA,NA,NA,NA,NA,NA,NA,NA,NA,NA,1193.35294117647,1193.35294117647,NA,NA,0,0,0,0,0,0,0,0,0,0,0,0,0,0,0,0,0,157,0.00116168175706068
"Seychelles","SYC",350000,362000,12006,9050,1970,1835,0,4,4,0,15683.6564988559,16433.9352865158,208.354347826087,210.352173913043,56089240.96,1362365.68,0,0,0,0,0,0,0,0,0,0,0,0,0,0,4,7,0,1863,0.0137847969006627
"Syrian Arab Republic","SYR",NA,NA,NA,NA,10744,11414,NA,NA,NA,NA,NA,NA,92.9477863094266,92.0671077710614,1093710904,1240591.45,0,0,0,0,0,0,0,0,0,0,0,0,0,0,0,1,0,16,0.000118387949764145
"Turks and Caicos Islands","TCA",416400,441000,NA,NA,1,1,NA,NA,NA,NA,25933.6074363465,27142.2277976902,39.0684210526316,39.6473684210526,2660037,0,0,0,0,0,0,0,0,0,0,0,0,0,0,0,0,0,0,1,7.39924686025908e-06
"Chad","TCD",87000,87000,NA,NA,1321,1407,7,6,13,0,664.303315726258,728.343235359289,11.9256456480305,12.2917336404066,114571924,258293281.13,0,0,0,0,0,0,0,0,0,0,0,0,0,0,0,3,0,1425,0.0105439267758692
"East Asia & Pacific (IDA & IBRD countries)","TEA",170203053.594187,181041126.519557,NA,NA,NA,NA,NA,NA,NA,NA,7158.68920906533,7905.0351475861,129.338478726806,130.185452991291,NA,NA,0,0,0,0,0,0,0,0,0,0,0,0,0,0,0,0,0,0,0
"Europe & Central Asia (IDA & IBRD countries)","TEC",172583144.603415,191829289.563944,NA,NA,NA,NA,NA,NA,NA,NA,8530.40297174458,8822.86923223195,19.9183700998131,20.0172566615243,NA,NA,0,0,0,0,0,0,0,0,0,0,0,0,0,0,0,0,0,0,0
"Togo","TGO",514000,573000,5159,6490,3994,4517,NA,NA,NA,NA,624.544945930112,679.257083602874,141.542103327818,145.046773303916,1528313929.62,68266410.43,0,0,0,0,0,0,0,0,0,0,0,0,0,1,1,20,0,858,0.00634855380610229
"Thailand","THA",35592000,38178000,16022736,16873689,775747,832605,46026,59392,105418,0,6578.18886493522,7273.56320732092,135.469196891699,135.897206835131,38247928512,40606148767.35,2,3,5,8,19,25,25,25,32,35,35,35,43,50,212,827,0,2031859,15.0342263262392
"Tajikistan","TJK",431000,1035000,6212,8059,22465,26141,NA,NA,NA,NA,806.041573098044,826.621530538704,63.9834858419194,65.5727141724908,1299207491,46211644.77,0,0,0,0,0,0,0,0,0,0,0,0,0,0,0,0,0,966,0.00714767246701027
"Turkmenistan","TKM",NA,NA,NA,NA,14426,15244,NA,NA,NA,NA,6587.09031628698,6966.63541063077,12.2521843678846,12.4505947694337,361286142,6006584801.97,0,0,0,0,0,0,0,0,0,0,0,0,0,0,0,0,0,3908,0.0289162567298925
"Latin America & the Caribbean (IDA & IBRD countries)","TLA",97380000,100122115.273835,NA,NA,NA,NA,NA,NA,NA,NA,9261.255284822,8887.51136267301,31.1073461148572,31.4141444422749,NA,NA,0,0,0,0,0,0,0,0,0,0,0,0,0,0,0,0,0,0,0
"Timor-Leste","TLS",74000,75000,7519,6673,606,806,NA,NA,NA,NA,2000.60116097907,2035.53390768881,83.6086751849361,85.270477471419,132288662,1530032.87,0,0,0,0,0,0,0,0,0,0,0,0,0,0,0,1,0,140,0.00103589456043627
"Middle East & North Africa (IDA & IBRD countries)","TMN",47230836.1623274,57104481.456606,NA,NA,NA,NA,NA,NA,NA,NA,3829.43422629961,3829.43422629961,43.0907955401571,43.8129297485221,NA,NA,0,0,0,0,0,0,0,0,0,0,0,0,0,0,0,0,0,0,0
"Tonga","TON",62500,54000,1603,NA,1248,1382,NA,NA,NA,NA,4217.47650679527,4364.01556134949,141.663888888889,143.329166666667,27820575,555372.38,0,0,0,0,0,0,0,0,0,0,0,0,0,0,0,0,0,134,0.000991499079274717
"South Asia (IDA & IBRD)","TSA",23825232.5091422,26701056.8437404,NA,NA,NA,NA,NA,NA,NA,NA,1866.9376986432,1902.8026286069,375.730175506376,380.247133746081,NA,NA,0,0,0,0,0,0,0,0,0,0,0,0,0,0,0,0,0,0,0
"Sub-Saharan Africa (IDA & IBRD countries)","TSS",47629536.2601109,47629536.2601109,NA,NA,NA,NA,NA,NA,NA,NA,1610.48818375213,1585.77214781685,49.4367679749432,50.7620843086558,NA,NA,0,0,0,0,0,0,0,0,0,0,0,0,0,0,0,0,0,0,0
"Trinidad and Tobago","TTO",395000,375000,2440,2373,2872,3142,1,4,5,0,16238.1931916674,17129.9130902577,269.799610136452,270.927485380117,427710304,63554563.04,0,0,0,0,0,0,0,0,0,0,0,0,0,0,7,57,0,82,0.000606738242541245
"Tunisia","TUN",7052000,8299000,61597,91103,8105,8484,69,61,130,0,3482.18672918633,3447.50790975551,73.5932221936148,74.4413233779609,1795641609.38,180594173.24,0,0,0,0,0,0,0,0,0,0,0,0,1,1,29,114,0,2912,0.0215466068570744
"Turkey","TUR",37601000,45768000,593312,1027672,75451,74409,4535,5533,10068,1,10513.6484152661,9370.1763438282,105.377768538129,106.960128893104,22829951278.97,3151518129.99,0,0,0,0,0,0,0,0,0,0,0,0,0,0,98,1872,13,66490,0.491975923738626
"Tuvalu","TUV",2500,2700,61,NA,204,177,NA,NA,NA,NA,3572.60836706326,3700.71067713471,379,383.6,10819470,5861.19,0,0,0,0,0,0,0,0,0,0,0,0,0,0,0,0,0,0,0
"Tanzania","TZA",1275000,1378000,28938,32773,23816,27208,7,54,61,0,1004.84112066441,1050.67525379846,61.7113411605329,63.5790787988259,1860637589.83,319424058.1,0,0,0,0,0,0,0,0,0,0,0,0,0,0,3,12,0,8388,0.0620648826638532
"Uganda","UGA",1402000,1402000,16842,NA,17694,19143,7,17,24,0,631.522719792278,642.776744292007,205.27860063834,213.061734490325,979242430.62,33345234.58,0,0,0,0,0,0,0,0,0,0,0,0,0,0,0,9,0,8246,0.0610141896096964
"Ukraine","UKR",14230000,14104000,29561,41061,171766,180725,8,5,13,1,2640.67567655839,3095.17358053586,77.389796129745,77.0296673514129,5527517061.3,2014343096.68,0,0,0,0,0,0,0,0,0,0,0,0,1,1,14,97,0,17275,0.127821989510976
"Upper middle income","UMC",360305094.934865,386697190.75276,NA,NA,NA,NA,NA,NA,NA,NA,8669.94817987902,9205.37873960243,45.1535105636847,45.4691766291018,NA,NA,0,0,0,0,0,0,0,0,0,0,0,0,0,0,0,0,0,0,0
"Uruguay","URY",3674000,3469000,NA,NA,4407,4864,2,3,5,0,16437.2448692778,17277.9701105496,19.635733059079,19.7080276539824,1720179767.42,2022785683.53,0,0,0,0,0,0,0,0,0,0,0,0,0,0,50,162,0,585,0.00432855941325156
"United States","USA",77186740,79745920,3173915,2991813,2309282,2483554,51524,46309,97833,0,59927.9298339535,62794.5856522398,35.5452270694906,35.766088580168,444327770678.96,132056164368.67,1,1,2,5,8,11,11,11,11,13,13,15,149,402,7783,53740,4,773347,5.72218536164078
"Uzbekistan","UZB",2690000,5346000,15087,32444,46358,41025,NA,NA,NA,NA,1826.56691924216,1532.37167679684,76.1368124118477,77.4692054536906,2714922790,1401740855.69,0,0,0,0,0,0,0,0,0,0,0,0,0,0,15,50,0,9676,0.0715951126198669
"St. Vincent and the Grenadines","VCT",76000,80000,NA,NA,783,545,NA,NA,NA,NA,7212.96018080962,7361.4009618002,281.607692307692,282.589743589744,23806570.15,57129.51,0,0,0,0,0,0,0,0,0,0,0,0,0,0,1,1,0,0,0
"Venezuela, RB","VEN",427000,427000,25579,NA,24598,23842,NA,NA,NA,NA,NA,NA,33.3205702624568,32.7307919052208,1651118714,6638712058.54,0,0,0,0,0,0,0,0,0,0,0,0,0,0,36,84,0,3475,0.0257123828394003
"British Virgin Islands","VGB",335000,192000,NA,NA,0,3,NA,NA,NA,NA,NA,NA,197.18,198.68,10813538,102339,0,0,0,0,0,0,0,0,0,0,0,0,0,0,0,0,0,2,1.47984937205182e-05
"Virgin Islands (U.S.)","VIR",535000,381000,NA,NA,NA,NA,NA,NA,NA,NA,35938.0243875154,35938.0243875154,306.48,305.648571428571,NA,NA,0,0,0,0,0,0,0,0,0,0,0,0,0,0,0,0,0,20,0.000147984937205182
"Vietnam","VNM",12922000,15498000,4008253,4966468,6544198,7587932,45467,59417,104884,0,2365.62166567374,2566.59694958511,305.08156867804,308.125245912213,70527414593,39687897133.38,0,2,2,2,6,8,10,10,14,16,16,16,16,18,75,134,0,468378,3.46564444591443
"Vanuatu","VUT",109000,116000,3612,4007,854,826,NA,NA,NA,NA,3082.35632289041,3123.89339649956,23.4216570959803,24.0098441345365,64743565,13737232.46,0,0,0,0,0,0,0,0,0,0,0,0,0,0,0,0,0,109,0.00080651790776824
"World","WLD",1363216205.39455,1441953149.14329,NA,NA,NA,NA,NA,NA,NA,NA,10777.618272285,11312.4399293599,58.9769667727188,59.6362362611782,NA,NA,0,0,0,0,0,0,0,0,0,0,0,0,0,0,0,0,0,0,0
"Samoa","WSM",146000,164000,2660,2903,1855,1624,NA,NA,NA,NA,4258.48629189424,4183.40793504696,69.0289752650177,69.3038869257951,44879513.07,780368.99,0,0,0,0,0,0,0,0,0,0,0,0,0,0,0,0,0,57,0.000421757071034768
"Kosovo","XKX",NA,NA,NA,NA,NA,NA,NA,NA,NA,NA,3948.05266976444,4302.27648252378,168.154679893451,168.154679893451,NA,NA,0,0,0,0,0,0,0,0,0,0,0,0,0,0,0,0,0,0,0
"Yemen, Rep.","YEM",NA,NA,NA,NA,14553,14472,NA,NA,NA,NA,963.494720967854,944.408499373419,52.7204594958047,53.9778529083092,1639253785,609915173.98,0,0,0,0,0,0,0,0,0,0,0,0,0,0,0,0,0,0,0
"South Africa","ZAF",10285000,10472000,100228,100342,74940,83621,338,348,686,0,6132.4798409721,6374.02819575944,46.987817062213,47.6301197767684,15482480746.35,16407166287.86,0,0,0,0,0,0,0,0,0,0,0,0,0,1,116,554,0,26405,0.195377113345141
"Zambia","ZMB",1083000,1072000,26562,27796,9705,10530,0,5,5,0,1534.86537052245,1539.90015779907,22.6713945573656,23.3414789007116,1162242388.84,1463602262.14,0,0,0,0,0,0,0,0,0,0,0,0,0,0,2,3,0,9471,0.0700782670135138
"Zimbabwe","ZWE",2423000,2580000,NA,NA,10914,14174,4,3,7,0,1602.40350699048,2146.99638487707,36.8017190125372,37.3245909267158,440779970,852803128.46,0,0,0,0,0,0,0,0,0,0,0,0,0,0,0,3,0,2716,0.0200963544724637
NA,"COK",NA,NA,804,631,NA,NA,NA,NA,NA,NA,NA,NA,NA,NA,7288633,5559122.12,0,0,0,0,0,0,0,0,0,0,0,0,0,0,0,0,0,25,0.000184981171506477
NA,"NIU",NA,NA,1,NA,NA,NA,NA,NA,NA,NA,NA,NA,NA,NA,NA,NA,0,0,0,0,0,0,0,0,0,0,0,0,0,0,0,0,0,0,0
NA,"TWN",NA,NA,2732549,2695615,5871268,6136081,NA,NA,NA,NA,NA,NA,NA,NA,NA,NA,1,1,3,4,10,11,16,16,18,22,23,26,42,45,100,215,0,979724,7.24921973092047
NA,"AIA",NA,NA,NA,NA,11,16,NA,NA,NA,NA,NA,NA,NA,NA,NA,NA,0,0,0,0,0,0,0,0,0,0,0,0,0,0,0,0,0,0,0
NA,"ANT",NA,NA,NA,NA,1,0,NA,NA,NA,NA,NA,NA,NA,NA,NA,NA,0,0,0,0,0,0,0,0,0,0,0,0,0,0,0,0,0,0,0
NA,"CXR",NA,NA,NA,NA,0,0,NA,NA,NA,NA,NA,NA,NA,NA,NA,NA,0,0,0,0,0,0,0,0,0,0,0,0,0,0,0,0,0,0,0
NA,NA,NA,NA,NA,NA,2588,157665,47,66,113,0,NA,NA,NA,NA,NA,NA,0,0,0,0,0,0,0,61,135,454,621,634,706,706,712,712,0,0,0
NA,"REU",NA,NA,NA,NA,NA,NA,14,7,21,0,NA,NA,NA,NA,NA,NA,0,0,0,0,0,0,0,0,0,0,0,0,0,0,0,0,0,809,0.0059859907099496
NA,"BES",NA,NA,NA,NA,NA,NA,NA,NA,NA,NA,NA,NA,NA,NA,1082614,0,0,0,0,0,0,0,0,0,0,0,0,0,0,0,0,0,0,26,0.000192380418366736
NA,"BLX",NA,NA,NA,NA,NA,NA,NA,NA,NA,NA,NA,NA,NA,NA,17544626391.09,9025005988.95,0,0,0,0,0,0,0,0,0,0,0,0,0,0,0,0,0,0,0
NA,"MSR",NA,NA,NA,NA,NA,NA,NA,NA,NA,NA,NA,NA,NA,NA,216622,51829,0,0,0,0,0,0,0,0,0,0,0,0,0,0,0,0,0,0,0
NA,"NFK",NA,NA,NA,NA,NA,NA,NA,NA,NA,NA,NA,NA,NA,NA,2227816,0,0,0,0,0,0,0,0,0,0,0,0,0,0,0,0,0,0,0,0
NA,"SPM",NA,NA,NA,NA,NA,NA,NA,NA,NA,NA,NA,NA,NA,NA,39252,32262,0,0,0,0,0,0,0,0,0,0,0,0,0,0,0,0,0,0,0
NA,"WLF",NA,NA,NA,NA,NA,NA,NA,NA,NA,NA,NA,NA,NA,NA,291955,0,0,0,0,0,0,0,0,0,0,0,0,0,0,0,0,0,0,0,0
NA,"XXB",NA,NA,NA,NA,NA,NA,NA,NA,NA,NA,NA,NA,NA,NA,43121537027,153313063993.23,0,0,0,0,0,0,0,0,0,0,0,0,0,0,0,0,0,0,0
NA,"VAT",NA,NA,NA,NA,NA,NA,NA,NA,NA,NA,NA,NA,NA,NA,NA,NA,0,0,0,0,0,0,0,0,0,0,0,0,0,1,1,4,0,0,0
NA,"SJM",NA,NA,NA,NA,NA,NA,NA,NA,NA,NA,NA,NA,NA,NA,NA,NA,0,0,0,0,0,0,0,0,0,0,0,0,0,0,0,0,0,33,0.00024417514638855
NA,"GLP",NA,NA,NA,NA,NA,NA,NA,NA,NA,NA,NA,NA,NA,NA,NA,NA,0,0,0,0,0,0,0,0,0,0,0,0,0,0,0,0,0,15,0.000110988702903886
NA,"MTQ",NA,NA,NA,NA,NA,NA,NA,NA,NA,NA,NA,NA,NA,NA,NA,NA,0,0,0,0,0,0,0,0,0,0,0,0,0,0,0,0,0,13,9.61902091833681e-05
NA,"JEY",NA,NA,NA,NA,NA,NA,NA,NA,NA,NA,NA,NA,NA,NA,NA,NA,0,0,0,0,0,0,0,0,0,0,0,0,0,0,0,0,0,12,8.8790962323109e-05
